category_id,name,sku,brand,tags,unit,estimate_time,shipping_charges,mrp_price,discount_type,discount,stock,short_description,description,policy,video_url,seo_title,seo_tags,seo_description,gst,hsn,comission,condition,product_image_1,product_image_2,product_image_3,product_image_4,product_image_5,product_image_6
17,iBuyPower MEK RED Backlit Mechanical Gaming Keyboard,2EG03032,iBuyPower,,pc,3 day,0,12.09,percentage,0,1,,"For sale today we have an iBuyPower Mechanical Gaming Keyboard.

keyboard was previously used, has been fully tested, all keys are working fine.
30 day warranty included with sale.

Ships out by next business day.
Listing and template services provided by inkFrog (https://signin.ebay.com/authorize?client_id=inkFrogI-eBayShop-PRD-45d7504c4-548de517&response_type=code&redirect_uri=inkFrog__Inc.-inkFrogI-eBaySh-vlfzfmcd&scope=https://api.ebay.com/oauth/api_scope%20https://api.ebay.com/oauth/api_scope/sell.marketing.readonly%20https://api.ebay.com/oauth/api_scope/sell.marketing%20https://api.ebay.com/oauth/api_scope/sell.inventory.readonly%20https://api.ebay.com/oauth/api_scope/sell.inventory%20https://api.ebay.com/oauth/api_scope/sell.account.readonly%20https://api.ebay.com/oauth/api_scope/sell.account%20https://api.ebay.com/oauth/api_scope/sell.fulfillment.readonly%20https://api.ebay.com/oauth/api_scope/sell.fulfillment%20https://api.ebay.com/oauth/api_scope/sell.analytics.readonly)",,,,,,0,0,0,used,https://images.sellbrite.com/production/31935/2EG03032/c950bdcd-eafe-5dbe-9588-7e073667cc27.jpg,https://images.sellbrite.com/production/31935/2EG03032/eb4b1680-9dfc-58b0-94f6-a25fc0fa2fc8.jpg,https://images.sellbrite.com/production/31935/2EG03032/33f7a270-3c32-55a1-9e05-45f7551a730d.jpg,https://images.sellbrite.com/production/31935/2EG03032/803601ca-9b5d-5fd7-9db2-20c6ceb9276e.jpg,,
17,"Dell OptiPlex 5040 SFF, i7-6700 @ 3.4GHz 32GB Ram, 1TB SSD, W10P",2GA-0531K,Dell,,pc,3 day,0,245.14,percentage,0,1,,"For sale is a Dell OptiPlex 5040 SFF equipped with

* i7-6700 @ 3.4GHz CPU Processor
* 32GB RAM
* 1TB SSD
* AMD Radeon R5 340X 2GB DDR3 7122107700G
* Power cable

This computer is functional. Arrives with a clean OS installation, with an activated Windows 10 license and updated drivers. Guaranteed to arrive well packaged and functional, 30 day warranty included in sale. Ships out by next business day.
Listing and template services provided by inkFrog (https://signin.ebay.com/authorize?client_id=inkFrogI-eBayShop-PRD-45d7504c4-548de517&response_type=code&redirect_uri=inkFrog__Inc.-inkFrogI-eBaySh-vlfzfmcd&scope=https://api.ebay.com/oauth/api_scope%20https://api.ebay.com/oauth/api_scope/sell.marketing.readonly%20https://api.ebay.com/oauth/api_scope/sell.marketing%20https://api.ebay.com/oauth/api_scope/sell.inventory.readonly%20https://api.ebay.com/oauth/api_scope/sell.inventory%20https://api.ebay.com/oauth/api_scope/sell.account.readonly%20https://api.ebay.com/oauth/api_scope/sell.account%20https://api.ebay.com/oauth/api_scope/sell.fulfillment.readonly%20https://api.ebay.com/oauth/api_scope/sell.fulfillment%20https://api.ebay.com/oauth/api_scope/sell.analytics.readonly)",,,,,,0,0,0,used,https://images.sellbrite.com/production/31935/2GA-0531K/3c23593d-5789-597d-8b47-897d5a3120c4.jpg,https://images.sellbrite.com/production/31935/2GA-0531K/110b09f4-d197-5353-a22e-13767956b5ad.jpg,https://images.sellbrite.com/production/31935/2GA-0531K/11d51fde-8390-5e97-812e-1fe75e5c5780.jpg,https://images.sellbrite.com/production/31935/2GA-0531K/4844f6c6-27d2-535d-aedb-ec0ad367e6aa.jpg,https://images.sellbrite.com/production/31935/2GA-0531K/ce04f6ae-b4d4-52b4-a336-bfa999592909.jpg,https://images.sellbrite.com/production/31935/2GA-0531K/5422de4e-3372-598d-8c90-9611bd18d977.jpg
17,"HP Compaq Elite 8300, i7-3770@3.4GHz, 8GB RAM, 1TB HDD, W10P",2OB02284,HP,,pc,3 day,0,97.32,percentage,0,1,,"For sale is an: HP Compaq Elite 8300, i7-3770@3.4GHz, 8GB RAM, 1TB HDD, W10P

Note: Tested and Functional. With fresh Windows 10 Pro installation. No WiFi, Sold as is shown in photos. Includes power cable only.

30 day warranty included in sale. Ships out by next business day.
Listing and template services provided by inkFrog (https://signin.ebay.com/authorize?client_id=inkFrogI-eBayShop-PRD-45d7504c4-548de517&response_type=code&redirect_uri=inkFrog__Inc.-inkFrogI-eBaySh-vlfzfmcd&scope=https://api.ebay.com/oauth/api_scope%20https://api.ebay.com/oauth/api_scope/sell.marketing.readonly%20https://api.ebay.com/oauth/api_scope/sell.marketing%20https://api.ebay.com/oauth/api_scope/sell.inventory.readonly%20https://api.ebay.com/oauth/api_scope/sell.inventory%20https://api.ebay.com/oauth/api_scope/sell.account.readonly%20https://api.ebay.com/oauth/api_scope/sell.account%20https://api.ebay.com/oauth/api_scope/sell.fulfillment.readonly%20https://api.ebay.com/oauth/api_scope/sell.fulfillment%20https://api.ebay.com/oauth/api_scope/sell.analytics.readonly)",,,,,,0,0,0,used,https://images.sellbrite.com/production/31935/2OB02284/af898e8f-9bcf-53d3-8d3b-f14541797f72.jpg,https://images.sellbrite.com/production/31935/2OB02284/7e474dee-5aad-5a5f-8d52-3460bf0cf00d.jpg,https://images.sellbrite.com/production/31935/2OB02284/dda2e0f7-6388-52ef-8392-a82373737d1e.jpg,https://images.sellbrite.com/production/31935/2OB02284/6216e239-fd03-5ca7-af49-6c467baf5d93.jpg,https://images.sellbrite.com/production/31935/2OB02284/9f544d7e-4dac-5316-a3c0-9be06667994e.jpg,
17,Adtran NetVanta 1234P 2nd GEN 24-Port PoE Network Switch w/ Rack Ears,2AA02283,ADTRAN,,pc,3 day,0,26.84,percentage,0,1,,"For sale is an Adtran NetVanta 1234P 2nd GEN 24-Port PoE Network Switch w/ Rack Ears.

Guaranteed to arrive well packaged and functional, 30 day warranty included in sale.

Ships out by next business day.
Listing and template services provided by inkFrog (https://signin.ebay.com/authorize?client_id=inkFrogI-eBayShop-PRD-45d7504c4-548de517&response_type=code&redirect_uri=inkFrog__Inc.-inkFrogI-eBaySh-vlfzfmcd&scope=https://api.ebay.com/oauth/api_scope%20https://api.ebay.com/oauth/api_scope/sell.marketing.readonly%20https://api.ebay.com/oauth/api_scope/sell.marketing%20https://api.ebay.com/oauth/api_scope/sell.inventory.readonly%20https://api.ebay.com/oauth/api_scope/sell.inventory%20https://api.ebay.com/oauth/api_scope/sell.account.readonly%20https://api.ebay.com/oauth/api_scope/sell.account%20https://api.ebay.com/oauth/api_scope/sell.fulfillment.readonly%20https://api.ebay.com/oauth/api_scope/sell.fulfillment%20https://api.ebay.com/oauth/api_scope/sell.analytics.readonly)",,,,,,0,0,0,used,https://images.sellbrite.com/production/31935/2AA02283/907a17c5-6556-579d-90c2-3518b80b76cb.jpg,https://images.sellbrite.com/production/31935/2AA02283/c4409df9-b70c-58e4-b631-2a77d9897835.jpg,,,,
17,ELINE ELI-POE-24MB-2GP Switch 24-Port,2AA02282,ELINE,,pc,3 day,0,67.11,percentage,0,1,,"For sale is a ELINE ELI-POE-24MB-2GP Switch 24-Port. Guaranteed to arrive functional, 30 day warranty included in sale. Ships out by next business day.
Listing and template services provided by inkFrog (https://signin.ebay.com/authorize?client_id=inkFrogI-eBayShop-PRD-45d7504c4-548de517&response_type=code&redirect_uri=inkFrog__Inc.-inkFrogI-eBaySh-vlfzfmcd&scope=https://api.ebay.com/oauth/api_scope%20https://api.ebay.com/oauth/api_scope/sell.marketing.readonly%20https://api.ebay.com/oauth/api_scope/sell.marketing%20https://api.ebay.com/oauth/api_scope/sell.inventory.readonly%20https://api.ebay.com/oauth/api_scope/sell.inventory%20https://api.ebay.com/oauth/api_scope/sell.account.readonly%20https://api.ebay.com/oauth/api_scope/sell.account%20https://api.ebay.com/oauth/api_scope/sell.fulfillment.readonly%20https://api.ebay.com/oauth/api_scope/sell.fulfillment%20https://api.ebay.com/oauth/api_scope/sell.analytics.readonly)",,,,,,0,0,0,used,https://images.sellbrite.com/production/31935/2AA02282/348e5b96-7580-54f5-8a2a-50757ccd67ef.jpg,https://images.sellbrite.com/production/31935/2AA02282/55e7ab9e-5ff5-5361-8472-aecf53548e0c.jpg,,,,
17,Lot of 10 2GB DDR3 Insolated Desktop Ram Sticks,2OW02287,RAM,,pc,3 day,0,12.09,percentage,0,1,,"For sale is a lot of 10 2GB DDR3 Insulated Desktop Ram Sticks.

Guaranteed to arrive well packaged and functional, 30 day warranty included in sale.

Ships out by next business day.
Listing and template services provided by inkFrog (https://signin.ebay.com/authorize?client_id=inkFrogI-eBayShop-PRD-45d7504c4-548de517&response_type=code&redirect_uri=inkFrog__Inc.-inkFrogI-eBaySh-vlfzfmcd&scope=https://api.ebay.com/oauth/api_scope%20https://api.ebay.com/oauth/api_scope/sell.marketing.readonly%20https://api.ebay.com/oauth/api_scope/sell.marketing%20https://api.ebay.com/oauth/api_scope/sell.inventory.readonly%20https://api.ebay.com/oauth/api_scope/sell.inventory%20https://api.ebay.com/oauth/api_scope/sell.account.readonly%20https://api.ebay.com/oauth/api_scope/sell.account%20https://api.ebay.com/oauth/api_scope/sell.fulfillment.readonly%20https://api.ebay.com/oauth/api_scope/sell.fulfillment%20https://api.ebay.com/oauth/api_scope/sell.analytics.readonly)",,,,,,0,0,0,used,https://images.sellbrite.com/production/31935/2OW02287/1a0a1610-9a3a-5ba1-bbc1-6b5e7baaa65d.jpg,,,,,
17,"Dell Inspiron 3847, i5-4440@3.1GHz, 8GB RAM, 500GB HDD, Wifi, W10H",2OB03051,Dell,,pc,3 day,0,87.25,percentage,0,1,,"For sale is an: Dell Inspiron, i5-4440@3.1GHz, 8GB RAM, 500GB HDD, Wifi, W10H

Note: Tested and Functional. With fresh Windows 10 Home installation. Sold as is shown in photos. Includes power cable only.

30 day warranty included in sale. Ships out by next business day.
Listing and template services provided by inkFrog (https://signin.ebay.com/authorize?client_id=inkFrogI-eBayShop-PRD-45d7504c4-548de517&response_type=code&redirect_uri=inkFrog__Inc.-inkFrogI-eBaySh-vlfzfmcd&scope=https://api.ebay.com/oauth/api_scope%20https://api.ebay.com/oauth/api_scope/sell.marketing.readonly%20https://api.ebay.com/oauth/api_scope/sell.marketing%20https://api.ebay.com/oauth/api_scope/sell.inventory.readonly%20https://api.ebay.com/oauth/api_scope/sell.inventory%20https://api.ebay.com/oauth/api_scope/sell.account.readonly%20https://api.ebay.com/oauth/api_scope/sell.account%20https://api.ebay.com/oauth/api_scope/sell.fulfillment.readonly%20https://api.ebay.com/oauth/api_scope/sell.fulfillment%20https://api.ebay.com/oauth/api_scope/sell.analytics.readonly)",,,,,,0,0,0,used,https://images.sellbrite.com/production/31935/2OB03051/8e5912f3-62a9-5a85-bc4b-0a4ddb4b7fd4.jpg,https://images.sellbrite.com/production/31935/2OB03051/7c24533a-433f-5543-aa5f-002af88c86ad.jpg,https://images.sellbrite.com/production/31935/2OB03051/f7a57801-68c6-5da8-b859-25b20101b602.jpg,https://images.sellbrite.com/production/31935/2OB03051/ccecb4a2-588b-590f-8999-56dc7aa3f50f.jpg,https://images.sellbrite.com/production/31935/2OB03051/616a6b95-071f-5ee0-a650-2f15dd8679e7.jpg,https://images.sellbrite.com/production/31935/2OB03051/8d78a99f-e58d-5b72-9610-3354898dbb3e.jpg
17,7x 8GB 2Rx4 PC3-10600R ECC Server Ram For 56GB Ram,2OW02286,RAM,,pc,3 day,0,33.54,percentage,0,1,,"7x 8GB 2Rx4 PC3-10600R ECC Server Ram For 56GB Ram.

Guaranteed to arrive well packaged and functional, 30 day warranty included in sale.

Ships out by next business day.
Listing and template services provided by inkFrog (https://signin.ebay.com/authorize?client_id=inkFrogI-eBayShop-PRD-45d7504c4-548de517&response_type=code&redirect_uri=inkFrog__Inc.-inkFrogI-eBaySh-vlfzfmcd&scope=https://api.ebay.com/oauth/api_scope%20https://api.ebay.com/oauth/api_scope/sell.marketing.readonly%20https://api.ebay.com/oauth/api_scope/sell.marketing%20https://api.ebay.com/oauth/api_scope/sell.inventory.readonly%20https://api.ebay.com/oauth/api_scope/sell.inventory%20https://api.ebay.com/oauth/api_scope/sell.account.readonly%20https://api.ebay.com/oauth/api_scope/sell.account%20https://api.ebay.com/oauth/api_scope/sell.fulfillment.readonly%20https://api.ebay.com/oauth/api_scope/sell.fulfillment%20https://api.ebay.com/oauth/api_scope/sell.analytics.readonly)",,,,,,0,0,0,used,https://images.sellbrite.com/production/31935/2OW02286/16bf3939-c9ce-57d1-bed7-54652b69f3f6.jpg,,,,,
17,"Dell Latitude E7440 i5-4300U@1.9GHz, 8GB RAM, 128GB SSD, Windows 10 Pro",2EG03055,Dell,,pc,3 day,0,127.52,percentage,0,1,,"For sale today we have a Dell Latitude E7440 with the following specs;

* i5-4300U @1.9GHz,
* 8GB RAM,
* 128GB SSD,
* Windows 10 Pro
* Dell Power adapter


Laptop is guaranteed to arrive 100% functional and well packaged. 30 day warranty included.

Ships out by next business day.
Listing and template services provided by inkFrog (https://signin.ebay.com/authorize?client_id=inkFrogI-eBayShop-PRD-45d7504c4-548de517&response_type=code&redirect_uri=inkFrog__Inc.-inkFrogI-eBaySh-vlfzfmcd&scope=https://api.ebay.com/oauth/api_scope%20https://api.ebay.com/oauth/api_scope/sell.marketing.readonly%20https://api.ebay.com/oauth/api_scope/sell.marketing%20https://api.ebay.com/oauth/api_scope/sell.inventory.readonly%20https://api.ebay.com/oauth/api_scope/sell.inventory%20https://api.ebay.com/oauth/api_scope/sell.account.readonly%20https://api.ebay.com/oauth/api_scope/sell.account%20https://api.ebay.com/oauth/api_scope/sell.fulfillment.readonly%20https://api.ebay.com/oauth/api_scope/sell.fulfillment%20https://api.ebay.com/oauth/api_scope/sell.analytics.readonly)",,,,,,0,0,0,used,https://images.sellbrite.com/production/31935/2EG03055/2c3aabec-85a4-57b2-b10e-0429842df48a.jpg,https://images.sellbrite.com/production/31935/2EG03055/73de7b5f-d75c-5500-b260-d4663de4605e.jpg,https://images.sellbrite.com/production/31935/2EG03055/95bdd01e-2691-5dbd-bcf1-f97254d80df2.jpg,https://images.sellbrite.com/production/31935/2EG03055/0b5ce783-4c58-52bf-9926-4ec161f5b0c0.jpg,https://images.sellbrite.com/production/31935/2EG03055/bfbbd140-9c1b-57a0-9fb5-7674d22b146c.jpg,https://images.sellbrite.com/production/31935/2EG03055/3053fbd6-4fec-5320-8a5f-33c2b8051a7f.jpg
17,"ASUS VX228H Gaming Monitor - 21.5‚Äù FHD 1920x1080, 1ms| Fair Condition| Tested",2RM02283,ASUS,,pc,3 day,0,87.25,percentage,0,1,,"For sale ASUS VX228H Gaming Monitor - 21.5"" FHD 1920x1080, 1ms' Fair Condition' Tested.


You'll receive a fully tested monitor, ready to use


Equipped with:

1x Adaptor


No Stand Included


Cosmetic Condition:

FAIR CONDITION

SCREEN: has minor scuff and tiny paint points on lower side

Plastic frame: has minor scuff on all sides

Stand: has scuff


See pics before buy


Functional Condition:

Tested, No issues found it


SHIPS OUT BY NEXT BUSINESS DAY

Listing and template services provided by inkFrog (https://signin.ebay.com/authorize?client_id=inkFrogI-eBayShop-PRD-45d7504c4-548de517&response_type=code&redirect_uri=inkFrog__Inc.-inkFrogI-eBaySh-vlfzfmcd&scope=https://api.ebay.com/oauth/api_scope%20https://api.ebay.com/oauth/api_scope/sell.marketing.readonly%20https://api.ebay.com/oauth/api_scope/sell.marketing%20https://api.ebay.com/oauth/api_scope/sell.inventory.readonly%20https://api.ebay.com/oauth/api_scope/sell.inventory%20https://api.ebay.com/oauth/api_scope/sell.account.readonly%20https://api.ebay.com/oauth/api_scope/sell.account%20https://api.ebay.com/oauth/api_scope/sell.fulfillment.readonly%20https://api.ebay.com/oauth/api_scope/sell.fulfillment%20https://api.ebay.com/oauth/api_scope/sell.analytics.readonly)",,,,,,0,0,0,used,https://images.sellbrite.com/production/31935/2RM02283/25795b26-4a0c-502d-9df1-2f1501edfd5f.jpg,https://images.sellbrite.com/production/31935/2RM02283/2fbe128e-8b85-55d0-8d16-0e8936c82285.jpg,https://images.sellbrite.com/production/31935/2RM02283/b21549bd-630d-55ca-a199-908ae66f6b6e.jpg,https://images.sellbrite.com/production/31935/2RM02283/4d335fe8-8828-5c88-80e1-5bd3a38c12fd.jpg,https://images.sellbrite.com/production/31935/2RM02283/b6b91598-db4b-5e3f-9326-2a32ed301329.jpg,
17,"Brother HL-L2340DW Wireless Laser Printer - Black, 9,190 Pages Printed",2DB01311,Brother,,pc,3 day,0,111.57,percentage,0,1,,"For sale is a Brother HL-L2340DW Wireless Laser Printer - Black.

Total of 9,190 Pages Printed. Sold as shown in photos.

30 Day warranty / Tested and functional / Ships by next business day.



Listing and template services provided by inkFrog (https://signin.ebay.com/authorize?client_id=inkFrogI-eBayShop-PRD-45d7504c4-548de517&response_type=code&redirect_uri=inkFrog__Inc.-inkFrogI-eBaySh-vlfzfmcd&scope=https://api.ebay.com/oauth/api_scope%20https://api.ebay.com/oauth/api_scope/sell.marketing.readonly%20https://api.ebay.com/oauth/api_scope/sell.marketing%20https://api.ebay.com/oauth/api_scope/sell.inventory.readonly%20https://api.ebay.com/oauth/api_scope/sell.inventory%20https://api.ebay.com/oauth/api_scope/sell.account.readonly%20https://api.ebay.com/oauth/api_scope/sell.account%20https://api.ebay.com/oauth/api_scope/sell.fulfillment.readonly%20https://api.ebay.com/oauth/api_scope/sell.fulfillment%20https://api.ebay.com/oauth/api_scope/sell.analytics.readonly)",,,,,,0,0,0,used,https://images.sellbrite.com/production/31935/2DB01311/960234c3-3a51-55c3-84c3-d3efd743bb7c.jpg,https://images.sellbrite.com/production/31935/2DB01311/5077b276-7f86-5738-af9a-2d0ab7fd9a9a.jpg,https://images.sellbrite.com/production/31935/2DB01311/9879a3f9-38d3-5ddc-8627-443508a64b4e.jpg,https://images.sellbrite.com/production/31935/2DB01311/260d0d93-1c51-52df-8de3-fd3c42dad612.jpg,https://images.sellbrite.com/production/31935/2DB01311/68f9c0f1-ea7a-5079-8ebf-906b81e776f6.jpg,https://images.sellbrite.com/production/31935/2DB01311/bba78f9d-c05b-5e33-afbf-38062467be59.jpg
17,2 OEM HP Original C48xxA HP 80 Magenta 350ml Ink Cartridge DesignJet 1000,2RM02041 (G),HP,,pc,3 day,0,24.23,percentage,0,1,,"For sale Lot of 2 OEM HP Original C48xxA HP 80 Magenta 350ml Ink Cartridge DesignJet 1000.


You'll receive the following cartridges

1x HP 80 c4892

1x HP 80 c4847


New in box, sealed never open


Note: box is little damage

See pics for details


Ships out by next business day

Listing and template services provided by inkFrog (https://signin.ebay.com/authorize?client_id=inkFrogI-eBayShop-PRD-45d7504c4-548de517&response_type=code&redirect_uri=inkFrog__Inc.-inkFrogI-eBaySh-vlfzfmcd&scope=https://api.ebay.com/oauth/api_scope%20https://api.ebay.com/oauth/api_scope/sell.marketing.readonly%20https://api.ebay.com/oauth/api_scope/sell.marketing%20https://api.ebay.com/oauth/api_scope/sell.inventory.readonly%20https://api.ebay.com/oauth/api_scope/sell.inventory%20https://api.ebay.com/oauth/api_scope/sell.account.readonly%20https://api.ebay.com/oauth/api_scope/sell.account%20https://api.ebay.com/oauth/api_scope/sell.fulfillment.readonly%20https://api.ebay.com/oauth/api_scope/sell.fulfillment%20https://api.ebay.com/oauth/api_scope/sell.analytics.readonly)",,,,,,0,0,0,new,https://images.sellbrite.com/production/31935/2RM02041__G_/e0f5195a-96c8-5674-97fe-ea1979cd9117.jpg,https://images.sellbrite.com/production/31935/2RM02041__G_/b8ac1808-ef56-54d9-9826-c31e793cde5c.jpg,https://images.sellbrite.com/production/31935/2RM02041__G_/e0062d8e-2e80-5fb3-817e-bc3001aa2af4.jpg,https://images.sellbrite.com/production/31935/2RM02041__G_/0145cefe-b764-5666-a595-c6169ca58c48.jpg,https://images.sellbrite.com/production/31935/2RM02041__G_/a904ac44-da07-53aa-8b23-da0be9b2f045.jpg,
17,"Pair of Dell E2313Hf Monitors, NO STANDS",2EG02037,Dell,,pc,3 day,0,63.75,percentage,0,1,,"pair of (2) Dell E2313Hf Monitor, NO STANDS.

2 monitors per order, 7 pairs at time of listing.

Monitors are in great working condition.

Sold as pictured, no stands.

Includes power & VGA cables.

*30 day warranty, ships out by next business day.

Listing and template services provided by inkFrog (https://signin.ebay.com/authorize?client_id=inkFrogI-eBayShop-PRD-45d7504c4-548de517&response_type=code&redirect_uri=inkFrog__Inc.-inkFrogI-eBaySh-vlfzfmcd&scope=https://api.ebay.com/oauth/api_scope%20https://api.ebay.com/oauth/api_scope/sell.marketing.readonly%20https://api.ebay.com/oauth/api_scope/sell.marketing%20https://api.ebay.com/oauth/api_scope/sell.inventory.readonly%20https://api.ebay.com/oauth/api_scope/sell.inventory%20https://api.ebay.com/oauth/api_scope/sell.account.readonly%20https://api.ebay.com/oauth/api_scope/sell.account%20https://api.ebay.com/oauth/api_scope/sell.fulfillment.readonly%20https://api.ebay.com/oauth/api_scope/sell.fulfillment%20https://api.ebay.com/oauth/api_scope/sell.analytics.readonly)",,,,,,0,0,0,used,https://images.sellbrite.com/production/31935/2EG02037/5a791c30-f723-5833-8b71-7943eb85ad9b.jpg,https://images.sellbrite.com/production/31935/2EG02037/ca69b10c-2230-57cc-bd37-ac32641d9c12.jpg,https://images.sellbrite.com/production/31935/2EG02037/92942e9d-7560-53e2-8b50-f4d41249aa0d.jpg,,,
17,Lot of 3 MagTek 22350009 Excella STX Back Printer Magstripe Check Reader,2AA020407,MagTek,,pc,3 day,0,79.7,percentage,0,1,,"Selling this lot of 3 MagTek 22350009 Excella STX Back Printer Magstripe Check Reader as is.

We are not able to test these. Sold as is, no warranty.

Ships out by next business day.
Listing and template services provided by inkFrog (https://signin.ebay.com/authorize?client_id=inkFrogI-eBayShop-PRD-45d7504c4-548de517&response_type=code&redirect_uri=inkFrog__Inc.-inkFrogI-eBaySh-vlfzfmcd&scope=https://api.ebay.com/oauth/api_scope%20https://api.ebay.com/oauth/api_scope/sell.marketing.readonly%20https://api.ebay.com/oauth/api_scope/sell.marketing%20https://api.ebay.com/oauth/api_scope/sell.inventory.readonly%20https://api.ebay.com/oauth/api_scope/sell.inventory%20https://api.ebay.com/oauth/api_scope/sell.account.readonly%20https://api.ebay.com/oauth/api_scope/sell.account%20https://api.ebay.com/oauth/api_scope/sell.fulfillment.readonly%20https://api.ebay.com/oauth/api_scope/sell.fulfillment%20https://api.ebay.com/oauth/api_scope/sell.analytics.readonly)",,,,,,0,0,0,new,https://images.sellbrite.com/production/31935/2AA020407/6cbcbe3c-7502-5113-aa00-aa97a7603721.jpg,https://images.sellbrite.com/production/31935/2AA020407/830fd788-325b-5672-804d-feff41c7251f.jpg,https://images.sellbrite.com/production/31935/2AA020407/4365e0e4-b6c4-5990-8ce2-4c17f9d59d46.jpg,,,
17,Lot Of 3 Juniper SSG-320M-SH Networks Secure Services Gateway,2AA01292,Gateway,,pc,3 day,0,127.2,percentage,0,1,,"For sale is a Lot Of 3 Juniper SSG-320M-SH Networks Secure Services Gateway.

Included are the three Juniper Gateways. No other attachments included, sold as shown in photos.

30 Day warranty / Ships by next business day.
Listing and template services provided by inkFrog (https://signin.ebay.com/authorize?client_id=inkFrogI-eBayShop-PRD-45d7504c4-548de517&response_type=code&redirect_uri=inkFrog__Inc.-inkFrogI-eBaySh-vlfzfmcd&scope=https://api.ebay.com/oauth/api_scope%20https://api.ebay.com/oauth/api_scope/sell.marketing.readonly%20https://api.ebay.com/oauth/api_scope/sell.marketing%20https://api.ebay.com/oauth/api_scope/sell.inventory.readonly%20https://api.ebay.com/oauth/api_scope/sell.inventory%20https://api.ebay.com/oauth/api_scope/sell.account.readonly%20https://api.ebay.com/oauth/api_scope/sell.account%20https://api.ebay.com/oauth/api_scope/sell.fulfillment.readonly%20https://api.ebay.com/oauth/api_scope/sell.fulfillment%20https://api.ebay.com/oauth/api_scope/sell.analytics.readonly)",,,,,,0,0,0,used,https://images.sellbrite.com/production/31935/2AA01292/9d77520c-9479-5954-9b69-efb6fb8832db.jpg,https://images.sellbrite.com/production/31935/2AA01292/2951159d-fcce-5843-a80a-239ccdc1ced0.jpg,https://images.sellbrite.com/production/31935/2AA01292/f1ba67aa-9960-5f4b-b130-53c5ff5bc178.jpg,,,
17,APC Back-UPS XS 1300 Uninterruptible Power Supply Tested - NO BATTERY,2AA020507,APC,,pc,3 day,0,25.5,percentage,0,1,,"APC Back-UPS XS 1300 Uninterruptible Power Supply Tested - NO BATTERY.

Tested, guaranteed functional with your working, or new battery.

Ships out by next business day.
Listing and template services provided by inkFrog (https://signin.ebay.com/authorize?client_id=inkFrogI-eBayShop-PRD-45d7504c4-548de517&response_type=code&redirect_uri=inkFrog__Inc.-inkFrogI-eBaySh-vlfzfmcd&scope=https://api.ebay.com/oauth/api_scope%20https://api.ebay.com/oauth/api_scope/sell.marketing.readonly%20https://api.ebay.com/oauth/api_scope/sell.marketing%20https://api.ebay.com/oauth/api_scope/sell.inventory.readonly%20https://api.ebay.com/oauth/api_scope/sell.inventory%20https://api.ebay.com/oauth/api_scope/sell.account.readonly%20https://api.ebay.com/oauth/api_scope/sell.account%20https://api.ebay.com/oauth/api_scope/sell.fulfillment.readonly%20https://api.ebay.com/oauth/api_scope/sell.fulfillment%20https://api.ebay.com/oauth/api_scope/sell.analytics.readonly)",,,,,,0,0,0,used,https://images.sellbrite.com/production/31935/2AA020507/23e9291b-692a-5f61-b6ef-1016537b323b.jpg,https://images.sellbrite.com/production/31935/2AA020507/c2afe61d-4ac6-57d3-ab89-2aa7a6aa0e6a.jpg,,,,
17,Net Optics Director DIR-5400 Main Chassis Data Monitoring Switch,2AA020504,Net Optics,,pc,3 day,0,127.52,percentage,0,1,,"Net Optics Director DIR-5400 Main Chassis Data Monitoring Switch.

Tested and functional, 30 day warranty included in sale.

Ships out by next business day.
Listing and template services provided by inkFrog (https://signin.ebay.com/authorize?client_id=inkFrogI-eBayShop-PRD-45d7504c4-548de517&response_type=code&redirect_uri=inkFrog__Inc.-inkFrogI-eBaySh-vlfzfmcd&scope=https://api.ebay.com/oauth/api_scope%20https://api.ebay.com/oauth/api_scope/sell.marketing.readonly%20https://api.ebay.com/oauth/api_scope/sell.marketing%20https://api.ebay.com/oauth/api_scope/sell.inventory.readonly%20https://api.ebay.com/oauth/api_scope/sell.inventory%20https://api.ebay.com/oauth/api_scope/sell.account.readonly%20https://api.ebay.com/oauth/api_scope/sell.account%20https://api.ebay.com/oauth/api_scope/sell.fulfillment.readonly%20https://api.ebay.com/oauth/api_scope/sell.fulfillment%20https://api.ebay.com/oauth/api_scope/sell.analytics.readonly)",,,,,,0,0,0,used,https://images.sellbrite.com/production/31935/2AA020504/769e636d-90f9-541d-aa35-469891fdbda9.jpg,https://images.sellbrite.com/production/31935/2AA020504/07763345-5a98-55b1-80f7-fde6132304f1.jpg,https://images.sellbrite.com/production/31935/2AA020504/9fb20be2-d282-5cc0-9d8f-9c9f41982946.jpg,https://images.sellbrite.com/production/31935/2AA020504/8b3ba808-acf4-5dd5-8187-a598f51a71e5.jpg,https://images.sellbrite.com/production/31935/2AA020504/955671d9-e8aa-5792-aa38-269788bd7234.jpg,https://images.sellbrite.com/production/31935/2AA020504/caf19286-0478-58b8-a32f-89b4750e173b.jpg
17,Juniper Networks SRX240 SRX240B 16-Port Secure Services Gateway,2AA01291,Juniper Networks,,pc,3 day,0,27.41,percentage,0,1,,"For sale are Juniper Networks SRX240 SRX240B 16-Port Secure Services Gateway.

No other attachments included. Sold as shown in photos.

Discounts available with multiple item purchases.

30 Day warranty / Ships by next business day.
Listing and template services provided by inkFrog (https://signin.ebay.com/authorize?client_id=inkFrogI-eBayShop-PRD-45d7504c4-548de517&response_type=code&redirect_uri=inkFrog__Inc.-inkFrogI-eBaySh-vlfzfmcd&scope=https://api.ebay.com/oauth/api_scope%20https://api.ebay.com/oauth/api_scope/sell.marketing.readonly%20https://api.ebay.com/oauth/api_scope/sell.marketing%20https://api.ebay.com/oauth/api_scope/sell.inventory.readonly%20https://api.ebay.com/oauth/api_scope/sell.inventory%20https://api.ebay.com/oauth/api_scope/sell.account.readonly%20https://api.ebay.com/oauth/api_scope/sell.account%20https://api.ebay.com/oauth/api_scope/sell.fulfillment.readonly%20https://api.ebay.com/oauth/api_scope/sell.fulfillment%20https://api.ebay.com/oauth/api_scope/sell.analytics.readonly)",,,,,,0,0,0,used,https://images.sellbrite.com/production/31935/2AA01291/42e21c18-0bbe-5a03-9ba9-6673f60475d6.jpg,https://images.sellbrite.com/production/31935/2AA01291/eeb3022a-bd79-53ca-a5c9-1d4917385e4b.jpg,https://images.sellbrite.com/production/31935/2AA01291/9b8b3bb0-50fa-524d-889e-13dd63ad4649.jpg,,,
17,"Dell Optiplex 9020, i5-4690@3.5GHz, 8GB RAM, 1TB HDD, W10P",2OB02051,Dell,,pc,3 day,0,73.32,percentage,0,1,,"For sale is an: Dell Optiplex 9020, i5-4690@3.5GHz, 8GB RAM, 1TB HDD, W10P

Note: Tested and Functional. Used in good condition. Sold as is shown in photos. Includes power cable only.

30 day warranty included in sale. Ships out by next business day.
Listing and template services provided by inkFrog (https://signin.ebay.com/authorize?client_id=inkFrogI-eBayShop-PRD-45d7504c4-548de517&response_type=code&redirect_uri=inkFrog__Inc.-inkFrogI-eBaySh-vlfzfmcd&scope=https://api.ebay.com/oauth/api_scope%20https://api.ebay.com/oauth/api_scope/sell.marketing.readonly%20https://api.ebay.com/oauth/api_scope/sell.marketing%20https://api.ebay.com/oauth/api_scope/sell.inventory.readonly%20https://api.ebay.com/oauth/api_scope/sell.inventory%20https://api.ebay.com/oauth/api_scope/sell.account.readonly%20https://api.ebay.com/oauth/api_scope/sell.account%20https://api.ebay.com/oauth/api_scope/sell.fulfillment.readonly%20https://api.ebay.com/oauth/api_scope/sell.fulfillment%20https://api.ebay.com/oauth/api_scope/sell.analytics.readonly)",,,,,,0,0,0,used,https://images.sellbrite.com/production/31935/2OB02051/8d5867ec-c8e0-57fe-ace1-6ba7f0c801de.jpg,https://images.sellbrite.com/production/31935/2OB02051/9c3cf5c0-1e21-5459-874e-d6e932ee5600.jpg,https://images.sellbrite.com/production/31935/2OB02051/064e5b22-ec64-50ef-8037-77e99239c521.jpg,https://images.sellbrite.com/production/31935/2OB02051/9330bf85-67cc-50fe-9d98-94d4ac390139.jpg,https://images.sellbrite.com/production/31935/2OB02051/044e18d8-f40d-57d1-8f30-c200e370c5f4.jpg,
17,Avocent MPU8032 MergePoint Unity 32-port 8 KVM Path TESTED,2RM01311,Avocent,,pc,3 day,0,199.88,percentage,0,1,,"For sale is a Avocent MPU8032 MergePoint Unity 32-port 8 KVM Path TESTED/ Fair condition.


*Restored to factory settings*


Equipped with power cord.


Cosmetic Condition:

Fair, scuff and scratches on top, led diffuser is out, must to glued into initial position.

Left corner of the front plastic cover needs some glue.


30 Day warranty / Tested and functional / Ships by next business day.



Listing and template services provided by inkFrog (https://signin.ebay.com/authorize?client_id=inkFrogI-eBayShop-PRD-45d7504c4-548de517&response_type=code&redirect_uri=inkFrog__Inc.-inkFrogI-eBaySh-vlfzfmcd&scope=https://api.ebay.com/oauth/api_scope%20https://api.ebay.com/oauth/api_scope/sell.marketing.readonly%20https://api.ebay.com/oauth/api_scope/sell.marketing%20https://api.ebay.com/oauth/api_scope/sell.inventory.readonly%20https://api.ebay.com/oauth/api_scope/sell.inventory%20https://api.ebay.com/oauth/api_scope/sell.account.readonly%20https://api.ebay.com/oauth/api_scope/sell.account%20https://api.ebay.com/oauth/api_scope/sell.fulfillment.readonly%20https://api.ebay.com/oauth/api_scope/sell.fulfillment%20https://api.ebay.com/oauth/api_scope/sell.analytics.readonly)",,,,,,0,0,0,used,https://images.sellbrite.com/production/31935/2RM01311/53d589b7-0fe9-5280-83d3-4b3cefe21ed4.jpg,https://images.sellbrite.com/production/31935/2RM01311/f91e482d-7456-5944-b339-609e5403a15d.jpg,https://images.sellbrite.com/production/31935/2RM01311/e75ee4ab-e42b-54f7-bfb2-a4616e7a5ced.jpg,https://images.sellbrite.com/production/31935/2RM01311/f9ced5b4-ba0d-5363-a551-2805e7138ede.jpg,https://images.sellbrite.com/production/31935/2RM01311/2cd5ca70-7307-5a0b-bfd5-a1f3e5609f79.jpg,https://images.sellbrite.com/production/31935/2RM01311/c8fc2b14-19c5-53bc-b6c3-328d316cf256.jpg
17,D-Link DSS (DSS-16+) 16-Port 10/100 Desktop or Rack-Mountable Switch,2RM01285,D-Link,,pc,3 day,0,22.94,percentage,0,1,,"For sale D-Link DSS (DSS-16+) 16-Port 10/100 Desktop or Rack-Mountable Switch.


Sold as shown in photos.

30 Day warranty / Tested and functional / Ships by next business day.
Listing and template services provided by inkFrog (https://signin.ebay.com/authorize?client_id=inkFrogI-eBayShop-PRD-45d7504c4-548de517&response_type=code&redirect_uri=inkFrog__Inc.-inkFrogI-eBaySh-vlfzfmcd&scope=https://api.ebay.com/oauth/api_scope%20https://api.ebay.com/oauth/api_scope/sell.marketing.readonly%20https://api.ebay.com/oauth/api_scope/sell.marketing%20https://api.ebay.com/oauth/api_scope/sell.inventory.readonly%20https://api.ebay.com/oauth/api_scope/sell.inventory%20https://api.ebay.com/oauth/api_scope/sell.account.readonly%20https://api.ebay.com/oauth/api_scope/sell.account%20https://api.ebay.com/oauth/api_scope/sell.fulfillment.readonly%20https://api.ebay.com/oauth/api_scope/sell.fulfillment%20https://api.ebay.com/oauth/api_scope/sell.analytics.readonly)",,,,,,0,0,0,used,https://images.sellbrite.com/production/31935/2RM01285/9ba63bfa-8e7b-5bb7-9ad8-134e5d48f16a.jpg,https://images.sellbrite.com/production/31935/2RM01285/3905065b-e305-52e7-b3e5-395e8c94bfcc.jpg,https://images.sellbrite.com/production/31935/2RM01285/57c88a48-596e-564a-af62-5f7c8eb138f4.jpg,https://images.sellbrite.com/production/31935/2RM01285/1be70a9e-8971-5bb6-af45-b0a18c411b29.jpg,https://images.sellbrite.com/production/31935/2RM01285/e8373f38-5a60-5ad5-8871-23189eb3ef2e.jpg,https://images.sellbrite.com/production/31935/2RM01285/2589fac8-319a-5d24-b2c6-44e49816760e.jpg
17,"Cisco 3900 Series 3925, Integrated Services Router",CR1330,Cisco,,pc,3 day,0,26.98,percentage,0,1,,"For sale is an: Cisco 3900 Series, Model: 3925, Integrated Services Router. One available per order.

Note: Tested for power and functional, pulled from working server room that upgraded. No issues known. Used, in good condition with signs of light use or scuffs to body. Sold as is shown in photos.

30 day warranty included in sale. Ships out by next business day.
Listing and template services provided by inkFrog (https://signin.ebay.com/authorize?client_id=inkFrogI-eBayShop-PRD-45d7504c4-548de517&response_type=code&redirect_uri=inkFrog__Inc.-inkFrogI-eBaySh-vlfzfmcd&scope=https://api.ebay.com/oauth/api_scope%20https://api.ebay.com/oauth/api_scope/sell.marketing.readonly%20https://api.ebay.com/oauth/api_scope/sell.marketing%20https://api.ebay.com/oauth/api_scope/sell.inventory.readonly%20https://api.ebay.com/oauth/api_scope/sell.inventory%20https://api.ebay.com/oauth/api_scope/sell.account.readonly%20https://api.ebay.com/oauth/api_scope/sell.account%20https://api.ebay.com/oauth/api_scope/sell.fulfillment.readonly%20https://api.ebay.com/oauth/api_scope/sell.fulfillment%20https://api.ebay.com/oauth/api_scope/sell.analytics.readonly)",,,,,,0,0,0,used,https://images.sellbrite.com/production/31935/CR1330/baf8299e-7cb6-54cc-bde9-fd27c8858977.jpg,https://images.sellbrite.com/production/31935/CR1330/36d9d456-5851-5394-b1f7-5893faa57bfc.jpg,https://images.sellbrite.com/production/31935/CR1330/52687b05-8781-52b8-82b8-98a6e66a7312.jpg,https://images.sellbrite.com/production/31935/CR1330/4d538453-63a9-5f26-aae9-053a9b65e645.jpg,https://images.sellbrite.com/production/31935/CR1330/76c063fe-9e9c-53a6-8c76-43875739a0ed.jpg,https://images.sellbrite.com/production/31935/CR1330/54a16248-f01e-59ea-97f7-4790253bb3fc.jpg
17,"Dell PowerEdge R320, E5-2430 V2 @ 2.5 GHz, 80GB RAM, No HDD",CR1326,Dell,,pc,3 day,0,129.78,percentage,0,1,,"For sale is an: Dell PowerEdge R320, E5-2430 V2 @ 2.5 GHz, 80GB RAM, No HDD

Note: Tested and functional, working system. Sold as is shown in photos. Hard drives have been removed. Includes power supply cables. Used, in good condition. Includes both HDD trays and or all caddies shown.

30 day warranty included in sale. Ships out by next business day.
Listing and template services provided by inkFrog (https://signin.ebay.com/authorize?client_id=inkFrogI-eBayShop-PRD-45d7504c4-548de517&response_type=code&redirect_uri=inkFrog__Inc.-inkFrogI-eBaySh-vlfzfmcd&scope=https://api.ebay.com/oauth/api_scope%20https://api.ebay.com/oauth/api_scope/sell.marketing.readonly%20https://api.ebay.com/oauth/api_scope/sell.marketing%20https://api.ebay.com/oauth/api_scope/sell.inventory.readonly%20https://api.ebay.com/oauth/api_scope/sell.inventory%20https://api.ebay.com/oauth/api_scope/sell.account.readonly%20https://api.ebay.com/oauth/api_scope/sell.account%20https://api.ebay.com/oauth/api_scope/sell.fulfillment.readonly%20https://api.ebay.com/oauth/api_scope/sell.fulfillment%20https://api.ebay.com/oauth/api_scope/sell.analytics.readonly)",,,,,,0,0,0,reconditioned,https://images.sellbrite.com/production/31935/CR1326/c5e9c09f-60d2-50fa-ad00-906cc6a9c52b.jpg,https://images.sellbrite.com/production/31935/CR1326/2f06d96f-48b1-52aa-bac6-38bb1c800af0.jpg,https://images.sellbrite.com/production/31935/CR1326/4915ead1-828d-5c2f-b8e0-b4c505e207cf.jpg,https://images.sellbrite.com/production/31935/CR1326/7542e6d0-9adc-5c28-b8dd-147061175669.jpg,https://images.sellbrite.com/production/31935/CR1326/a33b8fda-c3a3-5109-8a9c-7671a2dbae96.jpg,https://images.sellbrite.com/production/31935/CR1326/9f258b0a-7036-5303-a2b7-283ab5b668f5.jpg
17,Hp Compaq 8100 elite Sff i5-2400@3.1GHz - For Parts,AV139,Intel,,pc,3 day,0,8.77,percentage,0,1,,"For sale is an HP Compaq 8100 elite Sff equipped with

* i5-2400@3.1GHz CPU

Missing parts, see photo. Selling as is. No warranty, no returns. Ships out by next business day. Shipping to AK, HI, PR, or PO Box is extra.
Listing and template services provided by inkFrog (https://signin.ebay.com/authorize?client_id=inkFrogI-eBayShop-PRD-45d7504c4-548de517&response_type=code&redirect_uri=inkFrog__Inc.-inkFrogI-eBaySh-vlfzfmcd&scope=https://api.ebay.com/oauth/api_scope%20https://api.ebay.com/oauth/api_scope/sell.marketing.readonly%20https://api.ebay.com/oauth/api_scope/sell.marketing%20https://api.ebay.com/oauth/api_scope/sell.inventory.readonly%20https://api.ebay.com/oauth/api_scope/sell.inventory%20https://api.ebay.com/oauth/api_scope/sell.account.readonly%20https://api.ebay.com/oauth/api_scope/sell.account%20https://api.ebay.com/oauth/api_scope/sell.fulfillment.readonly%20https://api.ebay.com/oauth/api_scope/sell.fulfillment%20https://api.ebay.com/oauth/api_scope/sell.analytics.readonly)",,,,,,0,0,0,new,https://images.sellbrite.com/production/31935/AV139/01a98336-b477-5550-968a-f63a1911161a.jpg,https://images.sellbrite.com/production/31935/AV139/7c926903-8a2d-5833-a9d2-b278fd6ab6b5.jpg,https://images.sellbrite.com/production/31935/AV139/4e89073e-0013-51a0-8cef-de75798d6521.jpg,https://images.sellbrite.com/production/31935/AV139/a2699a82-9e67-5d66-b34b-57e7561b8ac1.jpg,https://images.sellbrite.com/production/31935/AV139/fb3c8889-5a54-57f0-822d-4c77941cf43c.jpg,https://images.sellbrite.com/production/31935/AV139/16efbc53-02c1-5149-97b3-ccca4c4921da.jpg
17,Motorola SURFboard SB5101U Cable Modem - New Open Box,AV48,Motorola,,pc,3 day,0,2.47,percentage,0,1,,"For sale is a Motorola SURFboard SB5101U Cable Modem - New. Ships out by net business day.
Listing and template services provided by inkFrog (https://signin.ebay.com/authorize?client_id=inkFrogI-eBayShop-PRD-45d7504c4-548de517&response_type=code&redirect_uri=inkFrog__Inc.-inkFrogI-eBaySh-vlfzfmcd&scope=https://api.ebay.com/oauth/api_scope%20https://api.ebay.com/oauth/api_scope/sell.marketing.readonly%20https://api.ebay.com/oauth/api_scope/sell.marketing%20https://api.ebay.com/oauth/api_scope/sell.inventory.readonly%20https://api.ebay.com/oauth/api_scope/sell.inventory%20https://api.ebay.com/oauth/api_scope/sell.account.readonly%20https://api.ebay.com/oauth/api_scope/sell.account%20https://api.ebay.com/oauth/api_scope/sell.fulfillment.readonly%20https://api.ebay.com/oauth/api_scope/sell.fulfillment%20https://api.ebay.com/oauth/api_scope/sell.analytics.readonly)",,,,,,0,0,0,new,https://images.sellbrite.com/production/31935/AV48/705eacab-7119-53d9-a2d5-1dcf6bd56264.jpg,https://images.sellbrite.com/production/31935/AV48/b954a029-ce60-55db-ad72-5badc50dd39e.jpg,https://images.sellbrite.com/production/31935/AV48/5bb0f437-2d64-5efc-bfdb-4bd58792d12f.jpg,,,
17,Lot of (2): CyberPower CP1000AVRLCD 120V 600W UPS,CR679,CyberPower,,pc,3 day,0,33.33,percentage,0,1,,"We are starting off with 6 of these and selling them in 3 lots of (2): CyberPower CP1000AVRLCD 120V 600W UPS. All of the electronics we got from this lot were stated to be functional.These have been tested and are working, thirty day warranty included in sale. Ships out by next business day.
Listing and template services provided by inkFrog (https://signin.ebay.com/authorize?client_id=inkFrogI-eBayShop-PRD-45d7504c4-548de517&response_type=code&redirect_uri=inkFrog__Inc.-inkFrogI-eBaySh-vlfzfmcd&scope=https://api.ebay.com/oauth/api_scope%20https://api.ebay.com/oauth/api_scope/sell.marketing.readonly%20https://api.ebay.com/oauth/api_scope/sell.marketing%20https://api.ebay.com/oauth/api_scope/sell.inventory.readonly%20https://api.ebay.com/oauth/api_scope/sell.inventory%20https://api.ebay.com/oauth/api_scope/sell.account.readonly%20https://api.ebay.com/oauth/api_scope/sell.account%20https://api.ebay.com/oauth/api_scope/sell.fulfillment.readonly%20https://api.ebay.com/oauth/api_scope/sell.fulfillment%20https://api.ebay.com/oauth/api_scope/sell.analytics.readonly)",,,,,,0,0,0,used,https://images.sellbrite.com/production/31935/CR679/0c4c61db-2048-59b3-91f7-57d31b0bbd26.jpg,https://images.sellbrite.com/production/31935/CR679/47239f5d-321c-5796-9fa9-35015ff737f0.jpg,https://images.sellbrite.com/production/31935/CR679/b06e907c-c60f-54c7-ac7d-7daf48bbcd6d.jpg,https://images.sellbrite.com/production/31935/CR679/c10685a0-678f-5178-aeb8-7a9fae1bb1db.jpg,https://images.sellbrite.com/production/31935/CR679/d8f8a9ec-5b68-5d7e-a212-467f852a4e25.jpg,https://images.sellbrite.com/production/31935/CR679/27e60be6-f26f-5c06-bb46-a81e58e60f37.jpg
17,THERMALTAKE TR2 600W Power Supply ATX 12V 2.3 TR2-600NL2NC TR-600,2GA-0531D Beth,Thermaltake,,pc,3 day,0,21.88,percentage,0,1,,"For sale is a THERMALTAKE TR2 600W Power Supply ATX 12V 2.3 TR2-600NL2NC TR-600.

Sold as shown in photos.

30 Day warranty / Tested and functional / Ships out by next business day.
Listing and template services provided by inkFrog (https://signin.ebay.com/authorize?client_id=inkFrogI-eBayShop-PRD-45d7504c4-548de517&response_type=code&redirect_uri=inkFrog__Inc.-inkFrogI-eBaySh-vlfzfmcd&scope=https://api.ebay.com/oauth/api_scope%20https://api.ebay.com/oauth/api_scope/sell.marketing.readonly%20https://api.ebay.com/oauth/api_scope/sell.marketing%20https://api.ebay.com/oauth/api_scope/sell.inventory.readonly%20https://api.ebay.com/oauth/api_scope/sell.inventory%20https://api.ebay.com/oauth/api_scope/sell.account.readonly%20https://api.ebay.com/oauth/api_scope/sell.account%20https://api.ebay.com/oauth/api_scope/sell.fulfillment.readonly%20https://api.ebay.com/oauth/api_scope/sell.fulfillment%20https://api.ebay.com/oauth/api_scope/sell.analytics.readonly)",,,,,,0,0,0,used,https://images.sellbrite.com/production/31935/2GA-0531D_Beth/be1b640e-be27-541b-bb48-faee57a986e2.jpg,https://images.sellbrite.com/production/31935/2GA-0531D_Beth/a4f37f0f-face-508c-8f6e-301e3b71021d.jpg,,,,
17,"Lot of (2) Dell E2216H 21.5"" Widescreen LCD Monitor 16:9 HD 1080p",2RM-06068,Dell,,pc,3 day,0,100.68,percentage,0,1,,"For sale is a Lot of (2) Dell E2216H 21.5"" Widescreen LCD Monitors 16:9 HD 1080p.

Equipped with:

2x Power cords


*Minor scuffs on backside and front frame.


Sold as shown in photos.


30 Day warranty / Tested and functional / Ships out by next business day.

Listing and template services provided by inkFrog (https://signin.ebay.com/authorize?client_id=inkFrogI-eBayShop-PRD-45d7504c4-548de517&response_type=code&redirect_uri=inkFrog__Inc.-inkFrogI-eBaySh-vlfzfmcd&scope=https://api.ebay.com/oauth/api_scope%20https://api.ebay.com/oauth/api_scope/sell.marketing.readonly%20https://api.ebay.com/oauth/api_scope/sell.marketing%20https://api.ebay.com/oauth/api_scope/sell.inventory.readonly%20https://api.ebay.com/oauth/api_scope/sell.inventory%20https://api.ebay.com/oauth/api_scope/sell.account.readonly%20https://api.ebay.com/oauth/api_scope/sell.account%20https://api.ebay.com/oauth/api_scope/sell.fulfillment.readonly%20https://api.ebay.com/oauth/api_scope/sell.fulfillment%20https://api.ebay.com/oauth/api_scope/sell.analytics.readonly)",,,,,,0,0,0,used,https://images.sellbrite.com/production/31935/2RM-06068/34d64379-9a67-5ade-80b8-020a09ed3270.jpg,https://images.sellbrite.com/production/31935/2RM-06068/feadb46f-d7ed-565c-b188-3545762226d7.jpg,https://images.sellbrite.com/production/31935/2RM-06068/3ae32fdc-6428-5029-9618-585a6aa4e180.jpg,https://images.sellbrite.com/production/31935/2RM-06068/e7edfaf3-1dd3-5568-8d32-8d4d422a023d.jpg,https://images.sellbrite.com/production/31935/2RM-06068/10049226-671d-565f-9a3c-41a3ed6492dc.jpg,https://images.sellbrite.com/production/31935/2RM-06068/797983c0-78c7-5c13-b42c-0570033d584e.jpg
17,Avocent LCD15SRP-001 LCD Rackmount Monitor +Lock/Key (Parts/Repair - Read Desc),KL357,Avocent,,pc,3 day,0,7.99,percentage,0,1,,"For sale is an Avocent LCD15SRP-001 LCD Rackmount Monitor.

* Rack lock and key are still in good condition and usable.

Item condition is for parts and repair.

* This device is broken and refuses to power on.
* Rack mounts are heavily bent and damaged.
* Scratches and blemishes across the unit.
* Unable to perform any tests due to these issues.

Other than that, the keyboard and monitor seems to be in fine condition.

No returns, ships out next business day.
Shipping to HI, AK, PR, PO box is extra.
Listing and template services provided by inkFrog (https://signin.ebay.com/authorize?client_id=inkFrogI-eBayShop-PRD-45d7504c4-548de517&response_type=code&redirect_uri=inkFrog__Inc.-inkFrogI-eBaySh-vlfzfmcd&scope=https://api.ebay.com/oauth/api_scope%20https://api.ebay.com/oauth/api_scope/sell.marketing.readonly%20https://api.ebay.com/oauth/api_scope/sell.marketing%20https://api.ebay.com/oauth/api_scope/sell.inventory.readonly%20https://api.ebay.com/oauth/api_scope/sell.inventory%20https://api.ebay.com/oauth/api_scope/sell.account.readonly%20https://api.ebay.com/oauth/api_scope/sell.account%20https://api.ebay.com/oauth/api_scope/sell.fulfillment.readonly%20https://api.ebay.com/oauth/api_scope/sell.fulfillment%20https://api.ebay.com/oauth/api_scope/sell.analytics.readonly)",,,,,,0,0,0,new,https://images.sellbrite.com/production/31935/KL357/d6936c56-5a41-5930-b8be-c43e5045af1c.jpg,https://images.sellbrite.com/production/31935/KL357/415316c2-444e-54d1-a421-848f06be351e.jpg,https://images.sellbrite.com/production/31935/KL357/b0bca0ec-178e-555e-aee7-bbf00b0a3412.jpg,https://images.sellbrite.com/production/31935/KL357/07a9c254-e4f3-51f6-b62f-39f511f97866.jpg,https://images.sellbrite.com/production/31935/KL357/b92985a9-cf46-557b-966e-8dc776d189d5.jpg,https://images.sellbrite.com/production/31935/KL357/2d062e24-175b-5106-a408-517a74eb6036.jpg
17,Adtran NetVanta 818 1200637 w/ AC Adapter,KL190,ADTRAN,,pc,3 day,0,25.59,percentage,0,1,,"For sale is a Adtran NetVanta 818 1200637 w/ AC Adapter.

Condition is used.
Scratches and blemishes throughout the unit.
All ethernet ports have been tested.

Thirty days warranty, ships out next business day.
Shipping to HI, AK, PR, PO box is extra.
Listing and template services provided by inkFrog (https://signin.ebay.com/authorize?client_id=inkFrogI-eBayShop-PRD-45d7504c4-548de517&response_type=code&redirect_uri=inkFrog__Inc.-inkFrogI-eBaySh-vlfzfmcd&scope=https://api.ebay.com/oauth/api_scope%20https://api.ebay.com/oauth/api_scope/sell.marketing.readonly%20https://api.ebay.com/oauth/api_scope/sell.marketing%20https://api.ebay.com/oauth/api_scope/sell.inventory.readonly%20https://api.ebay.com/oauth/api_scope/sell.inventory%20https://api.ebay.com/oauth/api_scope/sell.account.readonly%20https://api.ebay.com/oauth/api_scope/sell.account%20https://api.ebay.com/oauth/api_scope/sell.fulfillment.readonly%20https://api.ebay.com/oauth/api_scope/sell.fulfillment%20https://api.ebay.com/oauth/api_scope/sell.analytics.readonly)",,,,,,0,0,0,used,https://images.sellbrite.com/production/31935/KL190/1f299ab7-de4a-5fcd-a8dc-982c8bd56428.jpg,https://images.sellbrite.com/production/31935/KL190/acbc6e76-4b17-5836-b689-714b2c1a8d96.jpg,https://images.sellbrite.com/production/31935/KL190/402cbf3f-fdfb-5188-8f29-8d4ef5762f81.jpg,https://images.sellbrite.com/production/31935/KL190/19b18b9c-feee-52a2-96f1-141025c92e81.jpg,https://images.sellbrite.com/production/31935/KL190/2d0b0997-65c0-5486-bba5-c25f6170825d.jpg,https://images.sellbrite.com/production/31935/KL190/c112184b-0afa-5f3d-910b-502b07365a0f.jpg
17,PROMISE SATA 300 TX4 PCI 4 port Serial ATA 3G Host Bus Adapter,2OB-0530C,"Promise Technology, Inc",,pc,3 day,0,52.52,percentage,0,1,,"For sale is a PROMISE SATA 300 TX4 PCI 4 port Serial ATA 3G Host Bus Adapter.

New, still sealed in original packaging.


Sold as shown in photos.


30 Day warranty / Tested and functional / Ships out by next business day.

Listing and template services provided by inkFrog (https://signin.ebay.com/authorize?client_id=inkFrogI-eBayShop-PRD-45d7504c4-548de517&response_type=code&redirect_uri=inkFrog__Inc.-inkFrogI-eBaySh-vlfzfmcd&scope=https://api.ebay.com/oauth/api_scope%20https://api.ebay.com/oauth/api_scope/sell.marketing.readonly%20https://api.ebay.com/oauth/api_scope/sell.marketing%20https://api.ebay.com/oauth/api_scope/sell.inventory.readonly%20https://api.ebay.com/oauth/api_scope/sell.inventory%20https://api.ebay.com/oauth/api_scope/sell.account.readonly%20https://api.ebay.com/oauth/api_scope/sell.account%20https://api.ebay.com/oauth/api_scope/sell.fulfillment.readonly%20https://api.ebay.com/oauth/api_scope/sell.fulfillment%20https://api.ebay.com/oauth/api_scope/sell.analytics.readonly)",,,,,,0,0,0,new,https://images.sellbrite.com/production/31935/2OB-0530C/4caeec25-7564-56f3-80d3-1a5e1696bd2a.jpg,https://images.sellbrite.com/production/31935/2OB-0530C/160bccb4-c7bd-5b0a-b4e4-2f531415f3c7.jpg,https://images.sellbrite.com/production/31935/2OB-0530C/08b919de-bcb7-53f9-820d-ec2cfadf76c0.jpg,https://images.sellbrite.com/production/31935/2OB-0530C/2baf703e-8577-562a-8b97-2d896100f762.jpg,,
17,LOT OF (3) DELL Keyboards Model: KB4021 (2) and SK8120 (1),2JJ-0527C,Dell,,pc,3 day,0,15.75,percentage,0,1,,"For sale is a LOT OF (3) DELL Keyboards Model: KB4021 (2) and SK8120 (1).

Keyboards have been tested key by key.

Sold as shown in photos.

30 Day warranty / Tested and functional / Ships out by next business day.
Listing and template services provided by inkFrog (https://signin.ebay.com/authorize?client_id=inkFrogI-eBayShop-PRD-45d7504c4-548de517&response_type=code&redirect_uri=inkFrog__Inc.-inkFrogI-eBaySh-vlfzfmcd&scope=https://api.ebay.com/oauth/api_scope%20https://api.ebay.com/oauth/api_scope/sell.marketing.readonly%20https://api.ebay.com/oauth/api_scope/sell.marketing%20https://api.ebay.com/oauth/api_scope/sell.inventory.readonly%20https://api.ebay.com/oauth/api_scope/sell.inventory%20https://api.ebay.com/oauth/api_scope/sell.account.readonly%20https://api.ebay.com/oauth/api_scope/sell.account%20https://api.ebay.com/oauth/api_scope/sell.fulfillment.readonly%20https://api.ebay.com/oauth/api_scope/sell.fulfillment%20https://api.ebay.com/oauth/api_scope/sell.analytics.readonly)",,,,,,0,0,0,used,https://images.sellbrite.com/production/31935/2JJ-0527C/06f56798-4aca-50bb-8cf1-0e59e05f9cb3.jpg,,,,,
17,"Apple iMac 21.5"" Mid 2010, i3, 4GB, Radeon HD 4670 256MB, 500GB HDD, High Sierra",CR19,Apple,,pc,3 day,0,44.82,percentage,0,1,,"For sale is an Apple iMac 21.5"" Mid 2010 equipped with

*
i3@3.06GHz CPU Processor
*
4GB Ram
*
Radeon HD 4670 256MB
*
500GB HDD
*
Power cable

Although this computer has been tested and is working, Apple has stopped supporting computers of this age so you may not be able to download apps like Facetime, etc

It's been tech inspected, updated, and functionality tested. Ships out by next business day. Shipping to PO Box, PR, AL or HI extra.
Listing and template services provided by inkFrog (https://signin.ebay.com/authorize?client_id=inkFrogI-eBayShop-PRD-45d7504c4-548de517&response_type=code&redirect_uri=inkFrog__Inc.-inkFrogI-eBaySh-vlfzfmcd&scope=https://api.ebay.com/oauth/api_scope%20https://api.ebay.com/oauth/api_scope/sell.marketing.readonly%20https://api.ebay.com/oauth/api_scope/sell.marketing%20https://api.ebay.com/oauth/api_scope/sell.inventory.readonly%20https://api.ebay.com/oauth/api_scope/sell.inventory%20https://api.ebay.com/oauth/api_scope/sell.account.readonly%20https://api.ebay.com/oauth/api_scope/sell.account%20https://api.ebay.com/oauth/api_scope/sell.fulfillment.readonly%20https://api.ebay.com/oauth/api_scope/sell.fulfillment%20https://api.ebay.com/oauth/api_scope/sell.analytics.readonly)",,,,,,0,0,0,new,https://images.sellbrite.com/production/31935/CR19/ac84dfaa-815f-529a-9c16-81cbd8f0810d.jpg,https://images.sellbrite.com/production/31935/CR19/c097decf-a108-562a-a6d9-4851126a3714.jpg,https://images.sellbrite.com/production/31935/CR19/f652af00-1006-56c3-86f6-829c339c3ef5.jpg,https://images.sellbrite.com/production/31935/CR19/f31d6b70-d64b-5f09-9776-66e53888e940.jpg,https://images.sellbrite.com/production/31935/CR19/94af2d7f-d90a-5025-a2f9-280d034fc451.jpg,
17,LOT OF (2) TP-LINK TL-WPA4220 300Mbps AV500 WiFi,2OB-0530D,TP-LINK,,pc,3 day,0,48.14,percentage,0,1,,"For sale is a LOT OF (2) TP-LINK TL-WPA4220 300Mbps AV500 WiFi.

New, still sealed in original packaging.

Sold as shown in photos.

30 Day warranty / Tested and functional / Ships out by next business day.

Listing and template services provided by inkFrog (https://signin.ebay.com/authorize?client_id=inkFrogI-eBayShop-PRD-45d7504c4-548de517&response_type=code&redirect_uri=inkFrog__Inc.-inkFrogI-eBaySh-vlfzfmcd&scope=https://api.ebay.com/oauth/api_scope%20https://api.ebay.com/oauth/api_scope/sell.marketing.readonly%20https://api.ebay.com/oauth/api_scope/sell.marketing%20https://api.ebay.com/oauth/api_scope/sell.inventory.readonly%20https://api.ebay.com/oauth/api_scope/sell.inventory%20https://api.ebay.com/oauth/api_scope/sell.account.readonly%20https://api.ebay.com/oauth/api_scope/sell.account%20https://api.ebay.com/oauth/api_scope/sell.fulfillment.readonly%20https://api.ebay.com/oauth/api_scope/sell.fulfillment%20https://api.ebay.com/oauth/api_scope/sell.analytics.readonly)",,,,,,0,0,0,used,https://images.sellbrite.com/production/31935/2OB-0530D/97f7498b-6efa-5733-aa8b-22e55a1261b3.jpg,https://images.sellbrite.com/production/31935/2OB-0530D/46f1f9fc-6083-5d86-afe9-11dcc3661cb4.jpg,https://images.sellbrite.com/production/31935/2OB-0530D/b8e2af0c-555c-5167-a1f8-dd8881dc7e0c.jpg,https://images.sellbrite.com/production/31935/2OB-0530D/8fe7b762-658b-593b-aacb-b55d57a4c48c.jpg,,
17,"Samsung Series Business Monitor Model S24B150BL, 23.6"", 1920 x 1080",2JJ0504B,Samsung,,pc,3 day,0,76.16,percentage,0,1,,"For sale we have a Samsung LED Monitor Model S24B150BL.

Monitor has been tested and it works in perfect condition.

* Comes with a power cable
* Comes with a VGA cable


* Warranty for 30 days and free returns.

Listing and template services provided by inkFrog (https://signin.ebay.com/authorize?client_id=inkFrogI-eBayShop-PRD-45d7504c4-548de517&response_type=code&redirect_uri=inkFrog__Inc.-inkFrogI-eBaySh-vlfzfmcd&scope=https://api.ebay.com/oauth/api_scope%20https://api.ebay.com/oauth/api_scope/sell.marketing.readonly%20https://api.ebay.com/oauth/api_scope/sell.marketing%20https://api.ebay.com/oauth/api_scope/sell.inventory.readonly%20https://api.ebay.com/oauth/api_scope/sell.inventory%20https://api.ebay.com/oauth/api_scope/sell.account.readonly%20https://api.ebay.com/oauth/api_scope/sell.account%20https://api.ebay.com/oauth/api_scope/sell.fulfillment.readonly%20https://api.ebay.com/oauth/api_scope/sell.fulfillment%20https://api.ebay.com/oauth/api_scope/sell.analytics.readonly)",,,,,,0,0,0,new,https://images.sellbrite.com/production/31935/2JJ0504B/bc618850-f045-52fd-8fb4-9b588ebde88a.jpg,https://images.sellbrite.com/production/31935/2JJ0504B/2bbf6f05-4b9b-53a2-aa63-51d9c7ff6f51.jpg,https://images.sellbrite.com/production/31935/2JJ0504B/6e8796c4-dc4b-5127-9125-3a9966c1f1ea.jpg,https://images.sellbrite.com/production/31935/2JJ0504B/3ff1ea68-8b79-5ddd-862d-074935539b95.jpg,https://images.sellbrite.com/production/31935/2JJ0504B/2e680c4d-1372-5419-a036-eefc4edaa635.jpg,
17,HP ProCurve 2510-24 J9019B 24 Port Managed Ethernet Switch,2RM05034,HP,,pc,3 day,0,29.42,percentage,0,1,,"For sale HP ProCurve 2510-24 J9019B 24 Port Managed Ethernet Switch.


Equipped with:


1x power cord


You'll receive a fully tested switch ready to use


Cosmetic condition:

C+ condition, normal worn off

*Minor scuffs on top


Functional condition:

Fully tested, no issues found


Ships out by next business day

Listing and template services provided by inkFrog (https://signin.ebay.com/authorize?client_id=inkFrogI-eBayShop-PRD-45d7504c4-548de517&response_type=code&redirect_uri=inkFrog__Inc.-inkFrogI-eBaySh-vlfzfmcd&scope=https://api.ebay.com/oauth/api_scope%20https://api.ebay.com/oauth/api_scope/sell.marketing.readonly%20https://api.ebay.com/oauth/api_scope/sell.marketing%20https://api.ebay.com/oauth/api_scope/sell.inventory.readonly%20https://api.ebay.com/oauth/api_scope/sell.inventory%20https://api.ebay.com/oauth/api_scope/sell.account.readonly%20https://api.ebay.com/oauth/api_scope/sell.account%20https://api.ebay.com/oauth/api_scope/sell.fulfillment.readonly%20https://api.ebay.com/oauth/api_scope/sell.fulfillment%20https://api.ebay.com/oauth/api_scope/sell.analytics.readonly)",,,,,,0,0,0,used,https://images.sellbrite.com/production/31935/2RM05034/1957893e-9d03-5a3e-88e0-c1a9874206f5.jpg,https://images.sellbrite.com/production/31935/2RM05034/eb6fba1c-0c72-59c9-a40e-ad82a77253aa.jpg,https://images.sellbrite.com/production/31935/2RM05034/8d82c4a7-9f98-57ff-b479-2bce7f465d7f.jpg,https://images.sellbrite.com/production/31935/2RM05034/b1931991-4b9c-5e01-a452-307c6e7e7332.jpg,https://images.sellbrite.com/production/31935/2RM05034/36eef510-0cb1-582e-aff6-7aba319ac5dc.jpg,https://images.sellbrite.com/production/31935/2RM05034/f2ed268a-f014-51a7-bca0-fd2cb419e99b.jpg
17,"Lenovo ThinkCentre M73Z AIO i5-4570S@2.90GHz, 4GB Ram, No HDD",2OW0503F,Lenovo,,pc,3 day,0,55.18,percentage,0,1,,"For sale is a Lenovo ThinkCentre M73Z AIO equipped with

* i5-4570S@2.90GHz
* 4GB Ram

No HDD included in sale. Computer boots to bios, no further testing. Sold as is, no warranty included in sale. Ships out by next business day.
Listing and template services provided by inkFrog (https://signin.ebay.com/authorize?client_id=inkFrogI-eBayShop-PRD-45d7504c4-548de517&response_type=code&redirect_uri=inkFrog__Inc.-inkFrogI-eBaySh-vlfzfmcd&scope=https://api.ebay.com/oauth/api_scope%20https://api.ebay.com/oauth/api_scope/sell.marketing.readonly%20https://api.ebay.com/oauth/api_scope/sell.marketing%20https://api.ebay.com/oauth/api_scope/sell.inventory.readonly%20https://api.ebay.com/oauth/api_scope/sell.inventory%20https://api.ebay.com/oauth/api_scope/sell.account.readonly%20https://api.ebay.com/oauth/api_scope/sell.account%20https://api.ebay.com/oauth/api_scope/sell.fulfillment.readonly%20https://api.ebay.com/oauth/api_scope/sell.fulfillment%20https://api.ebay.com/oauth/api_scope/sell.analytics.readonly)",,,,,,0,0,0,new,https://images.sellbrite.com/production/31935/2OW0503F/505eba04-456a-590d-8ce3-f32b79a82bc0.jpg,https://images.sellbrite.com/production/31935/2OW0503F/daccd20d-140f-5f9c-958b-431cb5e76ac1.jpg,https://images.sellbrite.com/production/31935/2OW0503F/27e2984b-51b5-543d-be78-a0a813f68108.jpg,https://images.sellbrite.com/production/31935/2OW0503F/46b042c4-bd4f-5ec6-be75-ef8b90b67298.jpg,https://images.sellbrite.com/production/31935/2OW0503F/75c174ab-4ef9-591d-92f3-badaba7503e5.jpg,https://images.sellbrite.com/production/31935/2OW0503F/e8bd0b7e-3ad5-5b24-bb4c-5c927667cc2b.jpg
17,"Lenovo ThinkCentre M900, Core i5-6500, 8GB, 1TB HDD, W10",2DG0505B,Lenovo,,pc,3 day,0,106.69,percentage,0,1,,"For sale is a Lenovo ThinkCentre M900 equipped with

* Core i5-6500
* 8GB Ram
* 1TB HDD
* Windows 10
* Power Cable

This computer is functional. Arrives with a clean OS installation, with an activated Windows 10 license and updated drivers. Guaranteed to arrive well packaged and functional, 30 day warranty included in sale. Ships out by next business day.


Listing and template services provided by inkFrog (https://signin.ebay.com/authorize?client_id=inkFrogI-eBayShop-PRD-45d7504c4-548de517&response_type=code&redirect_uri=inkFrog__Inc.-inkFrogI-eBaySh-vlfzfmcd&scope=https://api.ebay.com/oauth/api_scope%20https://api.ebay.com/oauth/api_scope/sell.marketing.readonly%20https://api.ebay.com/oauth/api_scope/sell.marketing%20https://api.ebay.com/oauth/api_scope/sell.inventory.readonly%20https://api.ebay.com/oauth/api_scope/sell.inventory%20https://api.ebay.com/oauth/api_scope/sell.account.readonly%20https://api.ebay.com/oauth/api_scope/sell.account%20https://api.ebay.com/oauth/api_scope/sell.fulfillment.readonly%20https://api.ebay.com/oauth/api_scope/sell.fulfillment%20https://api.ebay.com/oauth/api_scope/sell.analytics.readonly)",,,,,,0,0,0,used,https://images.sellbrite.com/production/31935/2DG0505B/a89a5663-956b-5bc3-8d8c-6bd18378218d.jpg,https://images.sellbrite.com/production/31935/2DG0505B/e8f7b7c5-c6ea-58b4-8f02-48473d7700a9.jpg,https://images.sellbrite.com/production/31935/2DG0505B/23ccac7b-f42a-5e10-922d-a7e510b809e8.jpg,https://images.sellbrite.com/production/31935/2DG0505B/86d8a415-6ed2-5728-b2a8-19bbff5a5ada.jpg,,
17,Motorola SURFboard SB5101U Cable Modem - New Open Box,AV48-L1,Motorola,,pc,3 day,0,1.44,percentage,0,1,,"For sale is a Motorola SURFboard SB5101U Cable Modem - New. Ships out by net business day.
Listing and template services provided by inkFrog (https://signin.ebay.com/authorize?client_id=inkFrogI-eBayShop-PRD-45d7504c4-548de517&response_type=code&redirect_uri=inkFrog__Inc.-inkFrogI-eBaySh-vlfzfmcd&scope=https://api.ebay.com/oauth/api_scope%20https://api.ebay.com/oauth/api_scope/sell.marketing.readonly%20https://api.ebay.com/oauth/api_scope/sell.marketing%20https://api.ebay.com/oauth/api_scope/sell.inventory.readonly%20https://api.ebay.com/oauth/api_scope/sell.inventory%20https://api.ebay.com/oauth/api_scope/sell.account.readonly%20https://api.ebay.com/oauth/api_scope/sell.account%20https://api.ebay.com/oauth/api_scope/sell.fulfillment.readonly%20https://api.ebay.com/oauth/api_scope/sell.fulfillment%20https://api.ebay.com/oauth/api_scope/sell.analytics.readonly)",,,,,,0,0,0,new,https://images.sellbrite.com/production/31935/AV48-L1/705eacab-7119-53d9-a2d5-1dcf6bd56264.jpg,https://images.sellbrite.com/production/31935/AV48-L1/b954a029-ce60-55db-ad72-5badc50dd39e.jpg,https://images.sellbrite.com/production/31935/AV48-L1/5bb0f437-2d64-5efc-bfdb-4bd58792d12f.jpg,,,
17,Trendnet TEW-0A14DK Directional Antenna,OB1063-L2,TRENDnet,,pc,3 day,0,12.57,percentage,0,1,,"For sale is an: Trendnet TEW-0A14DK Directional Antenna

Note: Open Box - New

30 day warranty included in sale. Ships out by next business day.
Listing and template services provided by inkFrog (https://signin.ebay.com/authorize?client_id=inkFrogI-eBayShop-PRD-45d7504c4-548de517&response_type=code&redirect_uri=inkFrog__Inc.-inkFrogI-eBaySh-vlfzfmcd&scope=https://api.ebay.com/oauth/api_scope%20https://api.ebay.com/oauth/api_scope/sell.marketing.readonly%20https://api.ebay.com/oauth/api_scope/sell.marketing%20https://api.ebay.com/oauth/api_scope/sell.inventory.readonly%20https://api.ebay.com/oauth/api_scope/sell.inventory%20https://api.ebay.com/oauth/api_scope/sell.account.readonly%20https://api.ebay.com/oauth/api_scope/sell.account%20https://api.ebay.com/oauth/api_scope/sell.fulfillment.readonly%20https://api.ebay.com/oauth/api_scope/sell.fulfillment%20https://api.ebay.com/oauth/api_scope/sell.analytics.readonly)",,,,,,0,0,0,new,https://images.sellbrite.com/production/31935/OB1063-L2/66b21409-76f3-5c8e-98d5-4fe875daa5c6.jpg,https://images.sellbrite.com/production/31935/OB1063-L2/ffbb1f76-a5fe-5962-8f25-75376230950c.jpg,https://images.sellbrite.com/production/31935/OB1063-L2/77549326-cbcc-5e3f-ad43-c80be605d34f.jpg,https://images.sellbrite.com/production/31935/OB1063-L2/220e3842-4675-56a0-b6c8-714741b6edfe.jpg,https://images.sellbrite.com/production/31935/OB1063-L2/a777bcd3-2ac1-5514-bfd1-3dd665f82448.jpg,https://images.sellbrite.com/production/31935/OB1063-L2/402f52ed-caa1-5ae5-b32e-fc31f5d5c080.jpg
17,Vintage Fujitsu FKB8725 series Size Mechanical Click Keyboard,EG712-L8,,,pc,3 day,0,7.02,percentage,0,1,,"For sale we have a Vintage Fujitsu FKB 8725 series Wired Keyboard.

Sold as pictured, keyboard was previously used.
No Extras, may need some detail cleaning.

*30 day warranty, ships out by next business day.
Listing and template services provided by inkFrog (https://signin.ebay.com/authorize?client_id=inkFrogI-eBayShop-PRD-45d7504c4-548de517&response_type=code&redirect_uri=inkFrog__Inc.-inkFrogI-eBaySh-vlfzfmcd&scope=https://api.ebay.com/oauth/api_scope%20https://api.ebay.com/oauth/api_scope/sell.marketing.readonly%20https://api.ebay.com/oauth/api_scope/sell.marketing%20https://api.ebay.com/oauth/api_scope/sell.inventory.readonly%20https://api.ebay.com/oauth/api_scope/sell.inventory%20https://api.ebay.com/oauth/api_scope/sell.account.readonly%20https://api.ebay.com/oauth/api_scope/sell.account%20https://api.ebay.com/oauth/api_scope/sell.fulfillment.readonly%20https://api.ebay.com/oauth/api_scope/sell.fulfillment%20https://api.ebay.com/oauth/api_scope/sell.analytics.readonly)",,,,,,0,0,0,new,https://images.sellbrite.com/production/31935/EG712-L8/bd1fba25-a90c-5de6-b623-69c72cae25af.jpg,https://images.sellbrite.com/production/31935/EG712-L8/ccee788f-45d2-5102-81b9-c301cb01bcd2.jpg,https://images.sellbrite.com/production/31935/EG712-L8/545406c7-623e-5163-9eb3-069db62c259c.jpg,https://images.sellbrite.com/production/31935/EG712-L8/d987116d-d202-55c2-b943-25007f9d731b.jpg,,
17,Sun 599-2350-01 External SCSI Data Tape Drive Grey,2AA02241-L10,Sun Microsystems,,pc,3 day,0,28.72,percentage,0,1,,"For sale is a Sun 599-2350-01 External SCSI Data Tape Drive Grey.

Chipped case. 30 day warranty included in sale.

Ships out by next business day.
Listing and template services provided by inkFrog (https://signin.ebay.com/authorize?client_id=inkFrogI-eBayShop-PRD-45d7504c4-548de517&response_type=code&redirect_uri=inkFrog__Inc.-inkFrogI-eBaySh-vlfzfmcd&scope=https://api.ebay.com/oauth/api_scope%20https://api.ebay.com/oauth/api_scope/sell.marketing.readonly%20https://api.ebay.com/oauth/api_scope/sell.marketing%20https://api.ebay.com/oauth/api_scope/sell.inventory.readonly%20https://api.ebay.com/oauth/api_scope/sell.inventory%20https://api.ebay.com/oauth/api_scope/sell.account.readonly%20https://api.ebay.com/oauth/api_scope/sell.account%20https://api.ebay.com/oauth/api_scope/sell.fulfillment.readonly%20https://api.ebay.com/oauth/api_scope/sell.fulfillment%20https://api.ebay.com/oauth/api_scope/sell.analytics.readonly)",,,,,,0,0,0,used,https://images.sellbrite.com/production/31935/2AA02241-L10/d51d1ec3-15ab-52c1-bf56-0372623e23f3.jpg,https://images.sellbrite.com/production/31935/2AA02241-L10/77875d8d-1607-539b-b1a8-edf81652707a.jpg,https://images.sellbrite.com/production/31935/2AA02241-L10/7fb03925-5f46-5a06-a426-95c1dab26668.jpg,https://images.sellbrite.com/production/31935/2AA02241-L10/c7984856-316e-5eb8-92ed-1a8453460bca.jpg,,
17,Dell Power Vault 110T LTO2-EX1 SAS External Tape Drive,2OB03183-L10,Dell,,pc,3 day,0,36.93,percentage,0,1,,"For sale is an: Dell Power Vault 110T LTO2-EX1 SAS External Tape Drive

Note: Functional. Used in good condition. Sold as is shown in photos.

30 day warranty included in sale. Ships out by next business day.
Listing and template services provided by inkFrog (https://signin.ebay.com/authorize?client_id=inkFrogI-eBayShop-PRD-45d7504c4-548de517&response_type=code&redirect_uri=inkFrog__Inc.-inkFrogI-eBaySh-vlfzfmcd&scope=https://api.ebay.com/oauth/api_scope%20https://api.ebay.com/oauth/api_scope/sell.marketing.readonly%20https://api.ebay.com/oauth/api_scope/sell.marketing%20https://api.ebay.com/oauth/api_scope/sell.inventory.readonly%20https://api.ebay.com/oauth/api_scope/sell.inventory%20https://api.ebay.com/oauth/api_scope/sell.account.readonly%20https://api.ebay.com/oauth/api_scope/sell.account%20https://api.ebay.com/oauth/api_scope/sell.fulfillment.readonly%20https://api.ebay.com/oauth/api_scope/sell.fulfillment%20https://api.ebay.com/oauth/api_scope/sell.analytics.readonly)",,,,,,0,0,0,used,https://images.sellbrite.com/production/31935/2OB03183-L10/5b182018-ecec-5173-aad8-0e6ce2430211.jpg,https://images.sellbrite.com/production/31935/2OB03183-L10/b7ad5553-cf8b-5d1e-bea6-bca50607e36c.jpg,https://images.sellbrite.com/production/31935/2OB03183-L10/81dc10c3-ab23-5778-a3e0-92911974bcf7.jpg,https://images.sellbrite.com/production/31935/2OB03183-L10/0500ca77-7cee-55b3-8350-581e59ea9eaa.jpg,https://images.sellbrite.com/production/31935/2OB03183-L10/f4682602-1d3a-500e-813d-ed5284566df4.jpg,https://images.sellbrite.com/production/31935/2OB03183-L10/a6d0a384-4c44-5d79-96f0-5fd1fa228a43.jpg
17,"HP 200-5020 AIO, Pentium E5400 @ 2.7 GHz, 4GB RAM, 500GB HDD, W10H",CR1916-M,HP,,pc,3 day,0,40.99,percentage,0,1,,"For sale is an HP 200-5020 AIO equipped with

* Pentium E5400 @ 2.7 GHz CPU Processor
* 4GB Ram
* 500GB HDD
* Windows 10 Home
* HP Adapter

This computer has been tested and is functional. Arrives with a clean OS installation, with an activated Windows 10 license and updated drivers.

Guaranteed to arrive well packaged and functional, 30 day warranty included in sale. Ships out by next business day.",,,,,,0,0,0,used,https://images.sellbrite.com/production/31935/CR1916-M/1c16b479-90a1-5df9-b129-a18675a2dfc6.jpg,https://images.sellbrite.com/production/31935/CR1916-M/3d2311e6-4dbe-5450-a693-1af46bfb79f9.jpg,https://images.sellbrite.com/production/31935/CR1916-M/b9faeb02-9a78-5fe7-8b4f-b9dd5edc8ec5.jpg,https://images.sellbrite.com/production/31935/CR1916-M/77d13937-52a9-5c60-adf1-8585b46d2a84.jpg,https://images.sellbrite.com/production/31935/CR1916-M/93529c33-8e94-5b17-9613-574bf70bac72.jpg,https://images.sellbrite.com/production/31935/CR1916-M/bd0fefad-dc9a-5b01-b119-a256c3d57f77.jpg
17,"Dell 2213f 22"" Monitor w/ Screen Protector & Dell PRO2X Docking Station",CG132-M,Dell,,pc,3 day,0,29.45,percentage,0,1,,"We are starting off with 4 of these all in exactly the same A- to B condition: Dell 2213f 22"" Monitor w/ Screen Protector & Dell PRO2X Docking Station. The screens appear to have been protected by their screen protectors their entire life and are in great scratch-free condition. All have been tested and are working. 30 day warranty is included in sale. Ships out by next business day.",,,,,,0,0,0,used,https://images.sellbrite.com/production/31935/CG132-M/a2335fb1-3049-5436-9f9d-86157f326356.jpg,https://images.sellbrite.com/production/31935/CG132-M/e92276eb-e32f-536a-aec2-d0cb97a161b0.jpg,https://images.sellbrite.com/production/31935/CG132-M/6a1a23b8-f42f-5879-b8bc-1a5267111aeb.jpg,https://images.sellbrite.com/production/31935/CG132-M/df5873e8-20dc-584e-bfce-bbf509bdd675.jpg,https://images.sellbrite.com/production/31935/CG132-M/c964dc8a-5a97-5234-8bcb-c9c5b90454cd.jpg,https://images.sellbrite.com/production/31935/CG132-M/29796f1c-d464-5b9e-8f75-bfb875634e8d.jpg
17,VZ-R CDVH-01IP hdmi document camera (Parts & Repair),2OB-0618A-L10,VZ-R,,pc,3 day,0,35.21,percentage,0,1,,"For sale is a VZ-R CDVH-01IP hdmi document camera (Parts & Repair).

No power, sold as shown in photos. device only.

AS IS, no returns.

Ships out by next business day.",,,,,,0,0,0,new,https://images.sellbrite.com/production/31935/2OB-0618A-L10/8455cf32-8302-57f7-aef5-20b125473550.jpg,https://images.sellbrite.com/production/31935/2OB-0618A-L10/2fc18b95-24fb-5a67-991c-080c0d4562ab.jpg,https://images.sellbrite.com/production/31935/2OB-0618A-L10/7d79ee32-70de-5b9a-bc6a-9c4dda8324ac.jpg,https://images.sellbrite.com/production/31935/2OB-0618A-L10/c01e299a-ac1c-5de4-9fc8-e5c39a3e61ea.jpg,https://images.sellbrite.com/production/31935/2OB-0618A-L10/892648b6-78ab-5c17-8f60-0c75157935f0.jpg,
17,Allied Telesis AT-GS950/48 48 Port 10/100/1000 POE Switch,CR806-F4,Allied Telesis,,pc,3 day,0,57.74,percentage,0,1,,"For sale is an: Allied Telesis AT-GS950/48 48 Port 10/100/1000 POE Switch

Note: Tested for power, in used working condition. Sold as is shown in photos.

Thirty day warranty included in sale.

Ships out by next business day. Shipping to PO Box, PR, AK or HI extra.

Listing and template services provided by inkFrog (https://signin.ebay.com/authorize?client_id=inkFrogI-eBayShop-PRD-45d7504c4-548de517&response_type=code&redirect_uri=inkFrog__Inc.-inkFrogI-eBaySh-vlfzfmcd&scope=https://api.ebay.com/oauth/api_scope%20https://api.ebay.com/oauth/api_scope/sell.marketing.readonly%20https://api.ebay.com/oauth/api_scope/sell.marketing%20https://api.ebay.com/oauth/api_scope/sell.inventory.readonly%20https://api.ebay.com/oauth/api_scope/sell.inventory%20https://api.ebay.com/oauth/api_scope/sell.account.readonly%20https://api.ebay.com/oauth/api_scope/sell.account%20https://api.ebay.com/oauth/api_scope/sell.fulfillment.readonly%20https://api.ebay.com/oauth/api_scope/sell.fulfillment%20https://api.ebay.com/oauth/api_scope/sell.analytics.readonly)",,,,,,0,0,0,used,https://images.sellbrite.com/production/31935/CR806-F4/4d5593d9-10bf-51a7-a14c-b8504c5ffe0f.jpg,https://images.sellbrite.com/production/31935/CR806-F4/e3222ff8-b604-5f41-9119-4326a0ba83f2.jpg,https://images.sellbrite.com/production/31935/CR806-F4/6d42119b-0efd-53c8-96c2-294c4043290d.jpg,https://images.sellbrite.com/production/31935/CR806-F4/b1d60345-775d-50d5-b778-51d68f993d49.jpg,https://images.sellbrite.com/production/31935/CR806-F4/57aeaa22-a803-5b9a-bc6c-7532bbf820b2.jpg,https://images.sellbrite.com/production/31935/CR806-F4/01681ee8-8240-5ee6-ab6c-842d2d827feb.jpg
17,Lot Of 6 Cisco CP-8841-K9 IP Phone w/ Handset,2AA020910-M1,Cisco,,pc,3 day,0,79.2,percentage,0,1,,"For sale is a Lot Of 6 Cisco CP-8841-K9 IP Phone w/ Handset.

Included are the six phones and handsets. Sold as shown in photos.

30 Day warranty / Ships by next business day.",,,,,,0,0,0,used,https://images.sellbrite.com/production/31935/2AA020910-M1/c8ced9c0-7062-56e4-84d9-fdbecca97813.jpg,https://images.sellbrite.com/production/31935/2AA020910-M1/b63e8585-e7c1-5d25-abb6-54b0d1c64427.jpg,,,,
17,LOT OF (2) SONICWALL Network Security Appliance 2400,OB446-F4,SonicWALL,,pc,3 day,0,16.17,percentage,0,1,,"For sale is an: LOT OF (2) SONICWALL Network Security Appliance 2400

Note: Tested and Functional. Used in good condition. Sold as is shown in photos. Includes power cable only.

30 day warranty included in sale. Ships out by next business day.
Listing and template services provided by inkFrog (https://signin.ebay.com/authorize?client_id=inkFrogI-eBayShop-PRD-45d7504c4-548de517&response_type=code&redirect_uri=inkFrog__Inc.-inkFrogI-eBaySh-vlfzfmcd&scope=https://api.ebay.com/oauth/api_scope%20https://api.ebay.com/oauth/api_scope/sell.marketing.readonly%20https://api.ebay.com/oauth/api_scope/sell.marketing%20https://api.ebay.com/oauth/api_scope/sell.inventory.readonly%20https://api.ebay.com/oauth/api_scope/sell.inventory%20https://api.ebay.com/oauth/api_scope/sell.account.readonly%20https://api.ebay.com/oauth/api_scope/sell.account%20https://api.ebay.com/oauth/api_scope/sell.fulfillment.readonly%20https://api.ebay.com/oauth/api_scope/sell.fulfillment%20https://api.ebay.com/oauth/api_scope/sell.analytics.readonly)",,,,,,0,0,0,used,https://images.sellbrite.com/production/31935/OB446-F4/da92a8f2-b2c3-5250-88da-99eea69d1bd9.jpg,https://images.sellbrite.com/production/31935/OB446-F4/314a4217-894d-5a9c-a861-8cd9f4a0142f.jpg,https://images.sellbrite.com/production/31935/OB446-F4/aaa53215-e637-5543-9ddf-a64d494aa1fc.jpg,https://images.sellbrite.com/production/31935/OB446-F4/33246b55-875d-5dd4-8a15-4eeb10a69d4d.jpg,https://images.sellbrite.com/production/31935/OB446-F4/3ef7aa87-28e7-5e85-9b95-3561496b0de5.jpg,https://images.sellbrite.com/production/31935/OB446-F4/ec6c996c-d1b3-5f81-85aa-cac4de152788.jpg
17,Epson LCD Projector EMP-1810 (314H) - No Remote,OB936-N1,Epson,,pc,3 day,0,45.33,percentage,0,1,,"For sale is an: Epson LCD Projector EMP-1810 (314H) - No Remote

Note: Tested and Functional with 314 Hour. in good condition. Sold as is shown in photos. Includes power cable and VGA cable only. No Remote

30 day warranty included in sale. Ships out by next business day.",,,,,,0,0,0,used,https://images.sellbrite.com/production/31935/OB936-N1/f1565fd5-df4c-54ae-b710-dc2c1b478ccb.jpg,https://images.sellbrite.com/production/31935/OB936-N1/7048614b-1e5d-5ba4-91cb-b1e8a0fbc023.jpg,https://images.sellbrite.com/production/31935/OB936-N1/46759b0c-987f-5cba-a1f5-cb87bc3e6c3e.jpg,https://images.sellbrite.com/production/31935/OB936-N1/9bb5d2ff-856f-5355-9bc3-84ca0a64f3c5.jpg,https://images.sellbrite.com/production/31935/OB936-N1/983c62db-82cf-5bf8-af32-d50d6780e8bf.jpg,https://images.sellbrite.com/production/31935/OB936-N1/a2030872-4684-546c-9e83-d4f7f226d90c.jpg
17,"HP ProDesk 600 G3 SFF i5-7500@3.4GHz, 20GB RAM, 512GB SSD, WiFi, W10P",2OB0514T-P1,HP,,pc,3 day,0,132.6,percentage,0,1,,"For sale is a HP ProDesk Desktop,

* i5-7500@3.4GHz
* 20GB RAM
* 256GB SSD
* Windows 10 Pro
* Power Cable

Sold as shown in photos. Includes charger only.

Clean OS installation with an activated Windows 10 license and updated drivers.

30 Day warranty / Tested and functional / Ships out by next business day.",,,,,,0,0,0,used,https://images.sellbrite.com/production/31935/2OB0514T-P1/029e84ed-1364-5f93-a855-23b2c6adeed8.jpg,https://images.sellbrite.com/production/31935/2OB0514T-P1/78109363-c7fd-5ea9-b9c8-cb78dfb35d5f.jpg,https://images.sellbrite.com/production/31935/2OB0514T-P1/10e9ae84-ee6d-5685-a33d-1d9beaa61072.jpg,https://images.sellbrite.com/production/31935/2OB0514T-P1/41f8445b-a3cb-5208-9672-90733c13bb2e.jpg,https://images.sellbrite.com/production/31935/2OB0514T-P1/c179780b-58cf-5aa2-9a87-2730abe1ed3f.jpg,https://images.sellbrite.com/production/31935/2OB0514T-P1/3a9e31b1-1f3d-579a-89d7-cfbc784cc7f9.jpg
17,"For sale is a lot of 2 Lenovo ThinkCentre M81 SFF i3-2120, 8GB Ram, No HDD",CG89-P2,Lenovo,,pc,3 day,0,37.7,percentage,0,1,,"For sale is a lot of 2 Lenovo ThinkCentre M81 SFF
i3-2120, 8GB Ram, No HDD, Missing Caddy.

Boots to bios, no further testing. Ships out by next business day.",,,,,,0,0,0,used,https://images.sellbrite.com/production/31935/CG89-P2/5299e220-0426-5c73-9cd5-75c053a7401e.jpg,https://images.sellbrite.com/production/31935/CG89-P2/93e5d13d-013b-58d2-95ff-e2dc9c55a463.jpg,https://images.sellbrite.com/production/31935/CG89-P2/964d10a6-e89c-51ba-8a5e-e2de9a07994f.jpg,https://images.sellbrite.com/production/31935/CG89-P2/8304fd0a-3ef6-5aad-ac10-942e408e70a1.jpg,,
17,"Acer S200HL 20"" Widescreen LED LCD Computer Monitor Display",EG1140-O,Acer,,pc,3 day,0,21.26,percentage,0,1,,"For sale today we have a Acer S200HL 20"" Widescreen LED LCD Computer Monitor Display.

Monitor was previously used, tested and is in great working condition.

No cracks/burns, sold as pictured. Includes power cable & VGA Cable.

*30 day warranty included, ships out by next business day.",,,,,,0,0,0,used,https://images.sellbrite.com/production/31935/EG1140-O/e6cdc6dc-ff78-5988-a175-daee733f1018.jpg,https://images.sellbrite.com/production/31935/EG1140-O/b18097df-7ec4-5d68-b927-059eebb6e1d2.jpg,https://images.sellbrite.com/production/31935/EG1140-O/46d587a1-8fc8-5d63-b78e-69dd32e012ea.jpg,https://images.sellbrite.com/production/31935/EG1140-O/9fbaf08c-7df0-5fa4-85a4-634ae3990354.jpg,,
